{"1": {"label": "2", "d1": 36900, "d2": 467.4336, "d3": 0.0075, "output": 120}, "2": {"label": "2", "d1": 30800, "d2": 464.79432, "d3": 0.00583, "output": 84}, "3": {"label": "2", "d1": 61300, "d2": 663.67788, "d3": 0.00667, "output": 144}, "4": {"label": "2", "d1": 43200, "d2": 190.05196, "d3": 0.00083, "output": 252}, "5": {"label": "2", "d1": 38700, "d2": 238.05299, "d3": 0.005, "output": 336}, "6": {"label": "2", "d1": 48600, "d2": 2198.13502, "d3": 0.00667, "output": 24}, "7": {"label": "2", "d1": 60600, "d2": 256.97375, "d3": 0.00167, "output": 300}, "8": {"label": "2", "d1": 92100, "d2": 736.93578, "d3": 0.00083, "output": 132}, "9": {"label": "2", "d1": 36300, "d2": 200.32316, "d3": 0.00167, "output": 216}, "10": {"label": "2", "d1": 95200, "d2": 2896.16844, "d3": 0.005, "output": 36}, "11": {"label": "2", "d1": 18000, "d2": 280.58773, "d3": 0.00667, "output": 84}, "12": {"label": "2", "d1": 67800, "d2": 1374.86932, "d3": 0.00667, "output": 60}, "13": {"label": "2", "d1": 52700, "d2": 461.23282, "d3": 0.00667, "output": 216}, "14": {"label": "2", "d1": 49300, "d2": 436.09844, "d3": 0.0075, "output": 252}, "15": {"label": "2", "d1": 98600, "d2": 673.5114, "d3": 0.005, "output": 264}, "16": {"label": "2", "d1": 83600, "d2": 276.69072, "d3": 0.00083, "output": 348}, "17": {"label": "2", "d1": 93400, "d2": 911.44409, "d3": 0.005, "output": 144}, "18": {"label": "2", "d1": 32600, "d2": 254.88793, "d3": 0.00167, "output": 144}, "19": {"label": "2", "d1": 95900, "d2": 824.03815, "d3": 0.0075, "output": 276}, "20": {"label": "2", "d1": 24800, "d2": 96.84831, "d3": 0.00083, "output": 288}, "21": {"label": "2", "d1": 45500, "d2": 3936.88304, "d3": 0.00583, "output": 12}, "22": {"label": "2", "d1": 50500, "d2": 246.19245, "d3": 0.0025, "output": 288}, "23": {"label": "2", "d1": 94100, "d2": 4170.56942, "d3": 0.005, "output": 24}, "24": {"label": "2", "d1": 76400, "d2": 622.86515, "d3": 0.00583, "output": 216}, "25": {"label": "2", "d1": 43800, "d2": 619.14754, "d3": 0.00417, "output": 84}, "26": {"label": "2", "d1": 64200, "d2": 524.06437, "d3": 0.0075, "output": 336}, "27": {"label": "2", "d1": 69400, "d2": 337.62495, "d3": 0.00167, "output": 252}, "28": {"label": "2", "d1": 90500, "d2": 457.99587, "d3": 0.00167, "output": 240}, "29": {"label": "2", "d1": 45100, "d2": 371.13686, "d3": 0.00333, "output": 156}, "30": {"label": "2", "d1": 99600, "d2": 754.86036, "d3": 0.00417, "output": 192}, "31": {"label": "2", "d1": 55100, "d2": 4767.5221, "d3": 0.00583, "output": 12}, "32": {"label": "2", "d1": 85400, "d2": 351.41497, "d3": 0.00167, "output": 312}, "33": {"label": "2", "d1": 16500, "d2": 187.77506, "d3": 0.0075, "output": 144}, "34": {"label": "2", "d1": 86700, "d2": 400.53769, "d3": 0.0025, "output": 312}, "35": {"label": "2", "d1": 90600, "d2": 760.3119, "d3": 0.0075, "output": 300}, "36": {"label": "2", "d1": 86900, "d2": 988.94867, "d3": 0.0075, "output": 144}, "37": {"label": "2", "d1": 25300, "d2": 147.96024, "d3": 0.00417, "output": 300}, "38": {"label": "2", "d1": 69600, "d2": 335.1839, "d3": 0.00083, "output": 228}, "39": {"label": "2", "d1": 60400, "d2": 689.62307, "d3": 0.00667, "output": 132}, "40": {"label": "2", "d1": 11900, "d2": 131.36515, "d3": 0.00333, "output": 108}, "41": {"label": "2", "d1": 19700, "d2": 453.71278, "d3": 0.00417, "output": 48}, "42": {"label": "2", "d1": 77600, "d2": 769.43916, "d3": 0.00667, "output": 168}, "43": {"label": "2", "d1": 27300, "d2": 132.60833, "d3": 0.00333, "output": 348}, "44": {"label": "2", "d1": 9000, "d2": 71.43402, "d3": 0.00667, "output": 276}, "45": {"label": "2", "d1": 45800, "d2": 337.12601, "d3": 0.005, "output": 228}, "46": {"label": "2", "d1": 54600, "d2": 307.54909, "d3": 0.00417, "output": 324}, "47": {"label": "2", "d1": 82400, "d2": 721.27534, "d3": 0.00333, "output": 144}, "48": {"label": "2", "d1": 91800, "d2": 784.65763, "d3": 0.00667, "output": 228}, "49": {"label": "2", "d1": 77500, "d2": 716.99877, "d3": 0.00667, "output": 192}, "50": {"label": "2", "d1": 60700, "d2": 449.3148, "d3": 0.00667, "output": 348}}