{"1": {"label": "2", "d1": 16500, "d2": 225.50492, "d3": 0.00333, "output": 84}, "2": {"label": "2", "d1": 34300, "d2": 264.82385, "d3": 0.00667, "output": 300}, "3": {"label": "2", "d1": 17400, "d2": 114.14018, "d3": 0.005, "output": 288}, "4": {"label": "2", "d1": 31300, "d2": 735.0814, "d3": 0.005, "output": 48}, "5": {"label": "2", "d1": 42700, "d2": 3694.61332, "d3": 0.00583, "output": 12}, "6": {"label": "2", "d1": 26900, "d2": 312.27635, "d3": 0.00583, "output": 120}, "7": {"label": "2", "d1": 9300, "d2": 70.51525, "d3": 0.00583, "output": 252}, "8": {"label": "2", "d1": 96900, "d2": 568.77031, "d3": 0.00333, "output": 252}, "9": {"label": "2", "d1": 99700, "d2": 377.99481, "d3": 0.00167, "output": 348}, "10": {"label": "2", "d1": 33100, "d2": 2788.36663, "d3": 0.00167, "output": 12}, "11": {"label": "2", "d1": 92200, "d2": 907.7236, "d3": 0.0075, "output": 192}, "12": {"label": "2", "d1": 82100, "d2": 934.3232, "d3": 0.0075, "output": 144}, "13": {"label": "2", "d1": 12400, "d2": 87.20298, "d3": 0.00417, "output": 216}, "14": {"label": "2", "d1": 5700, "d2": 44.35439, "d3": 0.00333, "output": 168}, "15": {"label": "2", "d1": 82900, "d2": 3787.26513, "d3": 0.0075, "output": 24}, "16": {"label": "2", "d1": 54100, "d2": 438.98788, "d3": 0.005, "output": 192}, "17": {"label": "2", "d1": 42000, "d2": 277.27422, "d3": 0.00417, "output": 240}, "18": {"label": "2", "d1": 24200, "d2": 124.82993, "d3": 0.00333, "output": 312}, "19": {"label": "2", "d1": 43000, "d2": 1288.8258, "d3": 0.00417, "output": 36}, "20": {"label": "2", "d1": 24100, "d2": 105.47949, "d3": 0.00167, "output": 288}, "21": {"label": "2", "d1": 28400, "d2": 279.60249, "d3": 0.0075, "output": 192}, "22": {"label": "2", "d1": 97300, "d2": 473.35602, "d3": 0.00167, "output": 252}, "23": {"label": "2", "d1": 51800, "d2": 377.96901, "d3": 0.00583, "output": 276}, "24": {"label": "2", "d1": 46800, "d2": 1970.29559, "d3": 0.00083, "output": 24}, "25": {"label": "2", "d1": 67200, "d2": 5876.73923, "d3": 0.0075, "output": 12}, "26": {"label": "2", "d1": 75700, "d2": 6342.41855, "d3": 0.00083, "output": 12}, "27": {"label": "2", "d1": 35800, "d2": 1073.02241, "d3": 0.00417, "output": 36}, "28": {"label": "2", "d1": 90000, "d2": 2239.65381, "d3": 0.0075, "output": 48}, "29": {"label": "2", "d1": 9700, "d2": 50.03514, "d3": 0.00333, "output": 312}, "30": {"label": "2", "d1": 95300, "d2": 1712.41622, "d3": 0.0025, "output": 60}, "31": {"label": "2", "d1": 54800, "d2": 1742.62535, "d3": 0.0075, "output": 36}, "32": {"label": "2", "d1": 22000, "d2": 117.77571, "d3": 0.0025, "output": 252}, "33": {"label": "2", "d1": 5300, "d2": 29.35214, "d3": 0.00417, "output": 336}, "34": {"label": "2", "d1": 73600, "d2": 1110.67733, "d3": 0.00583, "output": 84}, "35": {"label": "2", "d1": 64500, "d2": 404.01168, "d3": 0.0025, "output": 204}, "36": {"label": "2", "d1": 77000, "d2": 1049.64294, "d3": 0.00583, "output": 96}, "37": {"label": "2", "d1": 85100, "d2": 385.08419, "d3": 0.00167, "output": 276}, "38": {"label": "2", "d1": 65400, "d2": 1476.55311, "d3": 0.00333, "output": 48}, "39": {"label": "2", "d1": 14800, "d2": 91.03835, "d3": 0.005, "output": 336}, "40": {"label": "2", "d1": 5300, "d2": 52.5519, "d3": 0.00667, "output": 168}, "41": {"label": "2", "d1": 68600, "d2": 1707.1139, "d3": 0.0075, "output": 48}, "42": {"label": "2", "d1": 68600, "d2": 2118.04338, "d3": 0.00583, "output": 36}, "43": {"label": "2", "d1": 80400, "d2": 592.59522, "d3": 0.00083, "output": 144}, "44": {"label": "2", "d1": 65100, "d2": 704.81941, "d3": 0.00667, "output": 144}, "45": {"label": "2", "d1": 77500, "d2": 1855.69014, "d3": 0.00583, "output": 48}, "46": {"label": "2", "d1": 58300, "d2": 394.21813, "d3": 0.00333, "output": 204}, "47": {"label": "2", "d1": 73800, "d2": 1392.83229, "d3": 0.00417, "output": 60}, "48": {"label": "2", "d1": 98200, "d2": 638.29121, "d3": 0.00333, "output": 216}, "49": {"label": "2", "d1": 51400, "d2": 520.53058, "d3": 0.00167, "output": 108}, "50": {"label": "2", "d1": 48400, "d2": 402.07011, "d3": 0.0075, "output": 312}}